Date,Category,Action Item,Status / Outcome
2025-11-18,Infrastructure,Setup Legacy Infrastructure (AWS S3),Completed (Migrated to Azure)
2025-11-18,Security,Implement Config Module Pattern (Python),Completed (Replaced by Key Vault)
2025-11-25,DevOps,Repository Restructuring & Feature Branching,Completed
2025-11-28,CI/CD,Setup GitHub Actions (Linter/Flake8),Completed
2025-12-09,Engineering,Implement Silver Layer Parsing Logic (Sysmon Event 10),Completed
2026-01-14,Architecture,Decision: Migrate to Azure Ecosystem (ADR-007),Completed
2026-01-14,Infrastructure,Provision Azure Data Lake Gen2 & Resource Group,Completed
2026-01-14,Security,Configure Azure Key Vault & Databricks Secret Scopes,Completed (Zero-Trust implemented)
2026-01-14,Engineering,Refactor Ingestion: Implement Auto Loader (cloudFiles),Completed
2026-01-14,Engineering,Implement Checkpointing for Fault Tolerance,Completed
2026-01-14,Documentation,Update README & Migration Notice,Completed
2026-01-15,Engineering,Silver Layer: Data Cleaning & Delta Tables,Completed (V1.0 Deployed)
2026-02-03,Engineering,Refactor: Modular Config & Path Management,Completed (DRY Principles Applied)
2026-02-03,DevOps,Fix CI/CD Pipeline for Windows/Spark Environments,Completed (Tests Passed)
2026-02-03,Architecture,FinOps Optimization: Trigger.AvailableNow,Completed (Cost Reduction Strategy)
2026-02-03,Documentation,Create Architecture Decision Records (ADR 002-004),Completed
2026-02-15,Engineering,Refactor: Implement Structured Logging (logger.py),Completed (Production Observability)
2026-02-17,Security,Implement Silver Layer PII Masking (GDPR),Completed (Privacy by Design)
2026-02-17,Architecture,Implement Time-Series Partitioning & OCSF Schema,Completed (Performance Optimization)
2026-02-17,Infrastructure,Execute V2 Table Migration (Fix Schema Mismatch),Completed (Blue-Green Deployment Strategy)
2026-02-17,Documentation,Final Polish: README, ADR 005-011 & Screenshots,Completed (Project V2.0 Released)